objectid,statefp10,countyfp10,tractce10,blkgrpce10,geoid10,namelsad10,mtfcc10,funcstat10,aland10,awater10,intptlat10,intptlon10,hood,hood_no,acres,sqmiles,sectors,censusblockgroup,Shape__Area,Shape__Length
1,42,003,040500,1,420030405001,Block Group 1,G5030,S,268195,0,+40.4406805,-079.9542332,Central Oakland,20,180.883,0.281,14,0405001,2.84673122191612e-05,0.0256793988511005
2,42,003,040400,1,420030404001,Block Group 1,G5030,S,75472,0,+40.4458408,-079.9483932,North Oakland,56,320.679,0.499,14,0404001,7.79563402153212e-06,0.0121478691958498
3,42,003,040200,2,420030402002,Block Group 2,G5030,S,282679,0,+40.4412437,-079.9626107,West Oakland,88,138.372,0.215,14,0402002,3.00049122898717e-05,0.0257776427872782
4,42,003,030500,2,420030305002,Block Group 2,G5030,S,284548,0,+40.4403871,-079.9813476,Crawford-Roberts,24,166.101,0.258,15,0305002,3.01197434484809e-05,0.0286572282430343
5,42,003,030500,1,420030305001,Block Group 1,G5030,S,383059,0,+40.4444763,-079.9855727,Crawford-Roberts,24,166.101,0.258,15,0305001,4.09242320441101e-05,0.0340614845428848
6,42,003,020300,1,420030203001,Block Group 1,G5030,S,1593129,329216,+40.4544996,-079.9812762,Strip District,80,390.864,0.608,13,0203001,0.000167179805557077,0.0775809851807837
7,42,003,020100,4,420030201004,Block Group 4,G5030,S,281715,0,+40.4406777,-079.9892121,Central Business District,17,411.593,0.64,16,0201004,3.00921617770904e-05,0.0235341521889721
8,42,003,262000,1,420032620001,Block Group 1,G5030,S,607576,0,+40.4632158,-079.9941680,Spring Hill-City View,75,404.765,0.63,1,2620001,6.41794981576553e-05,0.0384706632842998
9,42,003,261500,1,420032615001,Block Group 1,G5030,S,350522,0,+40.4733966,-080.0097343,Perry South,62,581.656,0.905,2,2615001,3.72236280743481e-05,0.0263446632192469
10,42,003,261400,2,420032614002,Block Group 2,G5030,S,353594,0,+40.4619992,-080.0134962,Perry South,62,581.656,0.905,2,2614002,3.75432602047039e-05,0.0282238085684361
11,42,003,261200,1,420032612001,Block Group 1,G5030,S,1057787,0,+40.4922173,-080.0081121,Summer Hill,81,282.104,0.439,1,2612001,0.000120727101945027,0.0628107875355593
12,42,003,260900,1,420032609001,Block Group 1,G5030,S,812036,0,+40.4776383,-080.0025945,Northview Heights,58,201.558,0.313,1,2609001,8.61154306907817e-05,0.0429028896694234
13,42,003,260700,2,420032607002,Block Group 2,G5030,S,301991,0,+40.4818975,-080.0108700,Perry North,61,779.088,1.212,2,2607002,3.20724075622503e-05,0.0355532826036878
14,42,003,563100,2,420035631002,Block Group 2,G5030,S,880129,0,+40.4320100,-080.0530374,Westwood,89,445.009,0.692,4,5631002,9.35507975580355e-05,0.0466727217607536
15,42,003,562400,5,420035624005,Block Group 5,G5030,S,138709,0,+40.4197360,-079.9991617,Beltzhoover,9,270.374,0.421,6,5624005,1.47183548990288e-05,0.018903029738591
16,42,003,981000,1,420039810001,Block Group 1,G5030,S,1377043,0,+40.4730821,-079.9488759,Central Lawrenceville,18,619.199,0.963,13,9810001,0.000147483293258782,0.0671663251254668
17,42,003,170200,1,420031702001,Block Group 1,G5030,S,406640,81747,+40.4302576,-079.9922422,South Side Flats,72,601.553,0.936,7,1702001,4.28590143619635e-05,0.0406142510386652
18,42,003,170200,3,420031702003,Block Group 3,G5030,S,179690,0,+40.4272715,-079.9852076,South Side Flats,72,601.553,0.936,7,1702003,1.92214685840184e-05,0.0185336481325731
19,42,003,170200,2,420031702002,Block Group 2,G5030,S,342894,182267,+40.4313543,-079.9809658,South Side Flats,72,601.553,0.936,7,1702002,3.69823141874822e-05,0.0378153691767719
20,42,003,180300,3,420031803003,Block Group 3,G5030,S,140530,0,+40.4191918,-079.9927314,Allentown,3,189.608,0.295,6,1803003,1.48833840503565e-05,0.0216153331525536
21,42,003,170600,1,420031706001,Block Group 1,G5030,S,326725,0,+40.4249025,-079.9876098,South Side Slopes,73,460.632,0.716,7,1706001,3.53895001670149e-05,0.0484436289567073
22,42,003,170600,3,420031706003,Block Group 3,G5030,S,282738,0,+40.4196905,-079.9844551,South Side Slopes,73,460.632,0.716,7,1706003,3.0324834444913e-05,0.0296694436968556
23,42,003,020100,3,420030201003,Block Group 3,G5030,S,165318,0,+40.4413687,-079.9991048,Central Business District,17,411.593,0.64,16,0201003,1.75477956972215e-05,0.0212687668476692
24,42,003,020100,2,420030201002,Block Group 2,G5030,S,183660,82635,+40.4429700,-080.0038877,Central Business District,17,411.593,0.64,16,0201002,1.88980839656276e-05,0.0230641318238014
25,42,003,020100,1,420030201001,Block Group 1,G5030,S,434980,249322,+40.4396954,-080.0061775,Central Business District,17,411.593,0.64,16,0201001,4.4877246464674e-05,0.0371727074630519
26,42,003,010300,2,420030103002,Block Group 2,G5030,S,267511,0,+40.4369004,-079.9903987,Bluff,11,210.51,0.327,15,0103002,2.86601191290926e-05,0.0224429982990837
27,42,003,010300,1,420030103001,Block Group 1,G5030,S,289306,237261,+40.4340459,-079.9864670,Bluff,11,210.51,0.327,15,0103001,2.90296660344643e-05,0.0502221208760556
28,42,003,260700,1,420032607001,Block Group 1,G5030,S,369885,0,+40.4812801,-080.0088626,Perry North,61,779.088,1.212,2,2607001,3.92757906888089e-05,0.0438961974003198
29,42,003,260200,3,420032602003,Block Group 3,G5030,S,252788,7193,+40.4925080,-080.0177905,Perry North,61,779.088,1.212,2,2602003,2.75529505685929e-05,0.0252916664621785
30,42,003,260200,2,420032602002,Block Group 2,G5030,S,604995,0,+40.4903149,-080.0228477,Perry North,61,779.088,1.212,2,2602002,6.43991817482481e-05,0.0687027051348752
31,42,003,260200,1,420032602001,Block Group 1,G5030,S,573112,0,+40.4916691,-080.0134039,Perry North,61,779.088,1.212,2,2602001,5.20016415018119e-05,0.0375264987183047
32,42,003,250900,2,420032509002,Block Group 2,G5030,S,384629,0,+40.4641570,-080.0039415,Fineview,33,160.488,0.25,3,2509002,4.08892582569727e-05,0.0426345467302799
33,42,003,562400,2,420035624002,Block Group 2,G5030,S,504789,0,+40.4142432,-080.0038814,Beltzhoover,9,270.374,0.421,6,5624002,5.55806341039807e-05,0.0455149035686878
34,42,003,562900,1,420035629001,Block Group 1,G5030,S,1385581,586785,+40.4096285,-079.9486102,Hazelwood,39,1017.805,1.583,9,5629001,0.00014544623447103,0.0904625782960991
35,42,003,980000,1,420039800001,Block Group 1,G5030,S,637235,237268,+40.4875790,-079.8907469,Lincoln-Lemington-Belmar,47,180.105,0.28,11,9800001,7.66300245566773e-05,0.0450285010738606
36,42,003,561900,2,420035619002,Block Group 2,G5030,S,652899,0,+40.4670321,-079.8924785,Lincoln-Lemington-Belmar,47,984.873,1.532,11,5619002,6.93148266677737e-05,0.0362297054318857
37,42,003,130600,1,420031306001,Block Group 1,G5030,S,365630,0,+40.4521925,-079.8817225,East Hills,28,348.077,0.541,11,1306001,3.8567749515581e-05,0.0255811326792984
38,42,003,040900,3,420030409003,Block Group 3,G5030,S,253498,0,+40.4308074,-079.9518013,South Oakland,70,326.793,0.508,14,0409003,2.73631068493154e-05,0.0224276505513935
39,42,003,562300,5,420035623005,Block Group 5,G5030,S,394540,0,+40.4142957,-079.9369121,Hazelwood,39,1017.805,1.583,9,5623005,4.18509130026297e-05,0.0376137472285913
40,42,003,562300,3,420035623003,Block Group 3,G5030,S,1036351,0,+40.4125804,-079.9314314,Hazelwood,39,1017.805,1.583,9,5623003,0.000110880470433517,0.0731987439361683
41,42,003,020100,5,420030201005,Block Group 5,G5030,S,401958,87646,+40.4381255,-079.9968423,Central Business District,17,411.593,0.64,16,0201005,4.18746337601011e-05,0.0342034246029655
42,42,003,170600,2,420031706002,Block Group 2,G5030,S,198244,0,+40.4235301,-079.9801503,South Side Slopes,73,460.632,0.716,7,1706002,2.09464652812205e-05,0.0397901887640263
43,42,003,180300,2,420031803002,Block Group 2,G5030,S,158899,0,+40.4209141,-079.9926876,Allentown,3,189.608,0.295,6,1803002,1.64425719579017e-05,0.021908204516492
44,42,003,180300,1,420031803001,Block Group 1,G5030,S,474339,0,+40.4247669,-079.9943810,Allentown,3,189.608,0.295,6,1803001,4.972851091058e-05,0.0453507233617451
45,42,003,180700,2,420031807002,Block Group 2,G5030,S,128061,0,+40.4247086,-080.0011285,Mount Washington,54,732.495,1.139,6,1807002,1.3589704542112e-05,0.0187846375171361
46,42,003,180700,3,420031807003,Block Group 3,G5030,S,136741,0,+40.4228314,-080.0010209,Mount Washington,54,732.495,1.139,6,1807003,1.45105695251667e-05,0.019396597205339
47,42,003,180700,1,420031807001,Block Group 1,G5030,S,128087,0,+40.4265369,-080.0017531,Mount Washington,54,732.495,1.139,6,1807001,1.37912863064807e-05,0.0203515577284168
48,42,003,151700,4,420031517004,Block Group 4,G5030,S,157178,0,+40.4216327,-079.9353993,Greenfield,37,497.028,0.773,9,1517004,1.67658253636206e-05,0.0179583395049946
49,42,003,151700,3,420031517003,Block Group 3,G5030,S,163400,0,+40.4225131,-079.9385272,Greenfield,37,497.028,0.773,9,1517003,1.73394869059848e-05,0.0189332834054282
50,42,003,151700,2,420031517002,Block Group 2,G5030,S,291635,0,+40.4272650,-079.9345196,Greenfield,37,497.028,0.773,9,1517002,3.09491343237699e-05,0.0353483545722575
51,42,003,151700,1,420031517001,Block Group 1,G5030,S,216872,0,+40.4228431,-079.9277766,Greenfield,37,497.028,0.773,9,1517001,2.31629848250998e-05,0.02257681628415
52,42,003,151600,3,420031516003,Block Group 3,G5030,S,132031,0,+40.4227661,-079.9448461,Greenfield,37,497.028,0.773,9,1516003,1.40106715763172e-05,0.0174922615999354
53,42,003,151600,1,420031516001,Block Group 1,G5030,S,253681,0,+40.4231223,-079.9414143,Greenfield,37,497.028,0.773,9,1516001,2.69200002443838e-05,0.0268055534489003
54,42,003,141400,3,420031414003,Block Group 3,G5030,S,294702,0,+40.4266034,-079.9185733,Squirrel Hill South,77,1717.485,2.671,10,1414003,3.12744741311259e-05,0.0282192892321527
55,42,003,141400,1,420031414001,Block Group 1,G5030,S,277404,0,+40.4214399,-079.9228257,Squirrel Hill South,77,1717.485,2.671,10,1414001,2.94365263546784e-05,0.0252997738069018
56,42,003,141300,3,420031413003,Block Group 3,G5030,S,202656,0,+40.4320453,-079.9253363,Squirrel Hill South,77,1717.485,2.671,10,1413003,2.1508010682987e-05,0.0187083364414708
57,42,003,250300,1,420032503001,Block Group 1,G5030,S,243738,0,+40.4584905,-080.0120067,Central Northside,19,166.475,0.259,3,2503001,2.58780501633355e-05,0.0251621156730885
58,42,003,241200,2,420032412002,Block Group 2,G5030,S,172183,0,+40.4600565,-079.9915198,Spring Garden,74,176.506,0.275,1,2412002,1.83485631499532e-05,0.0237290561632859
59,42,003,240600,2,420032406002,Block Group 2,G5030,S,495750,0,+40.4611811,-079.9859947,Troy Hill,84,247.17,0.384,1,2406002,5.09148362403626e-05,0.046703959432633
60,42,003,240600,1,420032406001,Block Group 1,G5030,S,729663,327616,+40.4619187,-079.9815275,Troy Hill,84,247.17,0.384,1,2406001,5.46720418595707e-05,0.0600709828694831
61,42,003,240600,1,420032406001,Block Group 1,G5030,S,729663,327616,+40.4619187,-079.9815275,Troy Hill,84,49.009,0.076,1,2406001,2.09645642205242e-05,0.0273642797367454
62,42,003,220600,2,420032206002,Block Group 2,G5030,S,166959,0,+40.4572412,-080.0051339,Central Northside,19,166.475,0.259,3,2206002,1.77207522776263e-05,0.0187074536454043
63,42,003,563200,3,420035632003,Block Group 3,G5030,S,315029,0,+40.4572599,-079.9976543,East Allegheny,26,151.705,0.236,3,5632003,3.34771322247456e-05,0.0363825958577822
64,42,003,010300,3,420030103003,Block Group 3,G5030,S,170588,0,+40.4368784,-079.9837347,Bluff,11,210.51,0.327,15,0103003,1.81057944944985e-05,0.0201714097172061
65,42,003,020100,6,420030201006,Block Group 6,G5030,S,211691,60090,+40.4454007,-079.9971407,Central Business District,17,411.593,0.64,16,0201006,2.27056713848701e-05,0.0256701912757506
66,42,003,981800,1,420039818001,Block Group 1,G5030,S,1652680,310067,+40.4790228,-079.8942288,Lincoln-Lemington-Belmar,47,984.873,1.532,11,9818001,0.000173682580732974,0.0777492427335981
67,42,003,562000,2,420035620002,Block Group 2,G5030,S,269504,0,+40.4552789,-079.9531593,North Oakland,56,320.679,0.499,14,5620002,2.87699021960162e-05,0.0275907979159975
68,42,003,151600,2,420031516002,Block Group 2,G5030,S,434793,0,+40.4267886,-079.9459951,Greenfield,37,497.028,0.773,9,1516002,4.5677402059211e-05,0.0402009158319739
69,42,003,160800,1,420031608001,Block Group 1,G5030,S,122567,0,+40.4229739,-079.9707670,South Side Slopes,73,460.632,0.716,7,1608001,1.29701190157316e-05,0.01605904102811
70,42,003,101800,2,420031018002,Block Group 2,G5030,S,797007,0,+40.4847864,-079.9385823,Stanton Heights,79,472.615,0.735,13,1018002,8.45040211337844e-05,0.0759104587015222
71,42,003,060300,1,420030603001,Block Group 1,G5030,S,391220,0,+40.4621267,-079.9609234,Lower Lawrenceville,48,276.392,0.43,13,0603001,4.12814425592604e-05,0.0344504661434657
72,42,003,080200,2,420030802002,Block Group 2,G5030,S,92307,0,+40.4617308,-079.9522528,Bloomfield,10,451.405,0.702,12,0802002,9.80066093037641e-06,0.0128861113285596
73,42,003,290400,3,420032904003,Block Group 3,G5030,S,275844,0,+40.3844190,-079.9867635,Carrick,16,1075.67,1.673,5,2904003,2.92432793202222e-05,0.0379518622495449
74,42,003,981100,1,420039811001,Block Group 1,G5030,S,876833,0,+40.4420424,-079.9063310,Point Breeze,63,645.695,1.004,10,9811001,9.29874750099231e-05,0.0466129292109973
75,42,003,190300,1,420031903001,Block Group 1,G5030,S,502688,0,+40.4348905,-080.0135312,Mount Washington,54,732.495,1.139,6,1903001,5.33145771831978e-05,0.0485306769003611
76,42,003,191100,2,420031911002,Block Group 2,G5030,S,884630,0,+40.4386014,-080.0260996,Duquesne Heights,25,400.468,0.623,6,1911002,9.35482629665954e-05,0.0441989392587278
77,42,003,191400,1,420031914001,Block Group 1,G5030,S,380257,0,+40.4292007,-080.0064823,Mount Washington,54,732.495,1.139,6,1914001,4.03553403917713e-05,0.0428639076992993
78,42,003,141300,2,420031413002,Block Group 2,G5030,S,303946,0,+40.4310496,-079.9300508,Squirrel Hill South,77,1717.485,2.671,10,1413002,3.22574964617781e-05,0.0422106793568926
79,42,003,141300,1,420031413001,Block Group 1,G5030,S,391431,0,+40.4360169,-079.9284488,Squirrel Hill South,77,1717.485,2.671,10,1413001,4.15453834218221e-05,0.0290546866813615
80,42,003,141100,1,420031411001,Block Group 1,G5030,S,1226338,163168,+40.4196414,-079.9075532,Swisshelm Park,82,308.575,0.48,10,1411001,0.00013190717525903,0.0675165456729685
81,42,003,110200,1,420031102001,Block Group 1,G5030,S,144791,0,+40.4780209,-079.9195862,Highland Park,40,747.691,1.163,12,1102001,1.53773047929116e-05,0.0178024662288159
82,42,003,101800,1,420031018001,Block Group 1,G5030,S,400083,0,+40.4829410,-079.9336446,Stanton Heights,79,472.615,0.735,13,1018001,4.2499281365894e-05,0.0401937199126251
83,42,003,101700,2,420031017002,Block Group 2,G5030,S,217979,0,+40.4672423,-079.9433700,Garfield,35,294.077,0.457,12,1017002,2.31461029573517e-05,0.0208573069343461
84,42,003,101700,1,420031017001,Block Group 1,G5030,S,174519,0,+40.4664252,-079.9381924,Garfield,35,294.077,0.457,12,1017001,1.85311301611298e-05,0.0177304352240435
85,42,003,220600,1,420032206001,Block Group 1,G5030,S,261918,0,+40.4553043,-080.0138114,Central Northside,19,166.475,0.259,3,2206001,2.76170627966209e-05,0.0287070300016036
86,42,003,210700,2,420032107002,Block Group 2,G5030,S,359658,0,+40.4578695,-080.0264589,Manchester,49,179.566,0.279,3,2107002,3.82211392910663e-05,0.0293884202057072
87,42,003,210700,1,420032107001,Block Group 1,G5030,S,363433,0,+40.4531478,-080.0236514,Manchester,49,179.566,0.279,3,2107001,3.858306506493e-05,0.0261910373734526
88,42,003,980100,1,420039801001,Block Group 1,G5030,S,1440881,252755,+40.4798795,-079.9165548,Highland Park,40,747.691,1.163,12,9801001,0.000166725271289037,0.0830643673101124
89,42,003,010300,4,420030103004,Block Group 4,G5030,S,133877,0,+40.4373257,-079.9772756,Bluff,11,210.51,0.327,15,0103004,1.42096461739911e-05,0.0207055722527409
90,42,003,101100,3,420031011003,Block Group 3,G5030,S,249635,0,+40.4818107,-079.9477736,Upper Lawrenceville,86,260.349,0.405,13,1011003,2.66613820465151e-05,0.033776539088382
91,42,003,140600,3,420031406003,Block Group 3,G5030,S,184852,0,+40.4430458,-079.8953704,Point Breeze,63,645.695,1.004,10,1406003,1.99088178727134e-05,0.0199595974365869
92,42,003,141400,4,420031414004,Block Group 4,G5030,S,1162800,88690,+40.4187318,-079.9174166,Squirrel Hill South,77,1717.485,2.671,10,1414004,0.000120073124517965,0.0791683871943085
93,42,003,191600,3,420031916003,Block Group 3,G5030,S,170636,0,+40.4126628,-080.0211465,Beechview,8,938.804,1.46,5,1916003,1.81044269571325e-05,0.0260500312734417
94,42,003,191600,5,420031916005,Block Group 5,G5030,S,424442,0,+40.4122360,-080.0279710,Beechview,8,938.804,1.46,5,1916005,4.50336221606741e-05,0.030367726466136
95,42,003,191600,2,420031916002,Block Group 2,G5030,S,494407,0,+40.4138322,-080.0172481,Beechview,8,938.804,1.46,5,1916002,5.27619140001293e-05,0.038389178962122
96,42,003,191600,4,420031916004,Block Group 4,G5030,S,169148,0,+40.4137886,-080.0244240,Beechview,8,938.804,1.46,5,1916004,1.79470309681732e-05,0.0185669935792114
97,42,003,191700,1,420031917001,Block Group 1,G5030,S,1471688,0,+40.4043578,-080.0109294,Brookline,14,1338.669,2.082,5,1917001,0.000156022590027363,0.0779510559579728
98,42,003,101600,1,420031016001,Block Group 1,G5030,S,464605,0,+40.4703739,-079.9393307,Garfield,35,294.077,0.457,12,1016001,4.93362992937334e-05,0.036544391277858
99,42,003,101400,4,420031014004,Block Group 4,G5030,S,149377,0,+40.4799173,-079.9300799,Morningside,52,245.637,0.382,12,1014004,1.58648347967907e-05,0.0179080644418525
100,42,003,101400,3,420031014003,Block Group 3,G5030,S,129999,0,+40.4750332,-079.9299711,Morningside,52,245.637,0.382,12,1014003,1.37988854117531e-05,0.0151159319115399
101,42,003,101400,1,420031014001,Block Group 1,G5030,S,570200,302845,+40.4870341,-079.9263153,Morningside,52,245.637,0.382,12,1014001,6.3135707972117e-05,0.0782526142870972
102,42,003,101100,2,420031011002,Block Group 2,G5030,S,641783,305758,+40.4849516,-079.9518640,Upper Lawrenceville,86,260.349,0.405,13,1011002,6.79198859920605e-05,0.0554082079805657
103,42,003,101100,1,420031011001,Block Group 1,G5030,S,158459,0,+40.4796387,-079.9516903,Upper Lawrenceville,86,260.349,0.405,13,1011001,1.68293997889375e-05,0.0179174385972954
104,42,003,100500,2,420031005002,Block Group 2,G5030,S,382760,0,+40.4781242,-079.9393683,Stanton Heights,79,472.615,0.735,13,1005002,3.94008733329232e-05,0.0343657219993646
105,42,003,090100,2,420030901002,Block Group 2,G5030,S,305316,115879,+40.4747088,-079.9639616,Central Lawrenceville,18,619.199,0.963,13,0901002,3.18460940968319e-05,0.0281248760501572
106,42,003,090200,3,420030902003,Block Group 3,G5030,S,72097,0,+40.4664653,-079.9570743,Central Lawrenceville,18,619.199,0.963,13,0902003,7.65547424666945e-06,0.0125140138443137
107,42,003,101400,2,420031014002,Block Group 2,G5030,S,115857,0,+40.4844952,-079.9284287,Morningside,52,245.637,0.382,12,1014002,1.23055148542261e-05,0.0145535586222911
108,42,003,110600,2,420031106002,Block Group 2,G5030,S,227776,0,+40.4752841,-079.9162654,Highland Park,40,747.691,1.163,12,1106002,2.41892038840417e-05,0.0215380261620212
109,42,003,120400,1,420031204001,Block Group 1,G5030,S,176103,0,+40.4633748,-079.9087841,Larimer,45,286.16,0.445,12,1204001,1.86985126797975e-05,0.0174004898312036
110,42,003,562900,3,420035629003,Block Group 3,G5030,S,803514,0,+40.4176307,-079.9441160,Hazelwood,39,1017.805,1.583,9,5629003,8.51832148791245e-05,0.0545278126237836
111,42,003,562300,6,420035623006,Block Group 6,G5030,S,123591,0,+40.4097577,-079.9425942,Hazelwood,39,1017.805,1.583,9,5623006,1.3112644469695e-05,0.0197159065543781
112,42,003,562300,4,420035623004,Block Group 4,G5030,S,146181,0,+40.4063841,-079.9419511,Hazelwood,39,1017.805,1.583,9,5623004,1.550840361424e-05,0.0181992604461893
113,42,003,982200,1,420039822001,Block Group 1,G5030,S,505672,0,+40.4444879,-079.9547652,North Oakland,56,320.679,0.499,14,9822001,5.3908446721621e-05,0.0517047676812502
114,42,003,563200,1,420035632001,Block Group 1,G5030,S,316619,138447,+40.4496580,-079.9981098,North Shore,57,195.014,0.303,16,5632001,3.33271107844813e-05,0.0310697417612421
115,42,003,562400,1,420035624001,Block Group 1,G5030,S,818084,0,+40.4077250,-080.0012233,Bon Air,12,201.53,0.313,6,5624001,8.62699612066506e-05,0.0487629817936426
116,42,003,191800,3,420031918003,Block Group 3,G5030,S,190085,0,+40.3895301,-080.0171435,Brookline,14,1338.669,2.082,5,1918003,2.01413773833438e-05,0.0240088420105809
117,42,003,202300,4,420032023004,Block Group 4,G5030,S,835320,0,+40.4127817,-080.0357088,Banksville,6,622.919,0.969,5,2023004,8.86280633543439e-05,0.0361084726957064
118,42,003,563000,2,420035630002,Block Group 2,G5030,S,574770,0,+40.4597668,-080.0778300,Windgap,90,266.678,0.415,4,5630002,5.99757653183442e-05,0.0349961575985857
119,42,003,191700,3,420031917003,Block Group 3,G5030,S,243293,0,+40.4029550,-080.0186572,Brookline,14,1338.669,2.082,5,1917003,2.58096917805002e-05,0.0241063352299188
120,42,003,191700,2,420031917002,Block Group 2,G5030,S,148228,0,+40.4002650,-080.0189985,Brookline,14,1338.669,2.082,5,1917002,1.57241175072401e-05,0.0232630597695937
121,42,003,191800,1,420031918001,Block Group 1,G5030,S,150492,0,+40.3922903,-080.0203908,Brookline,14,1338.669,2.082,5,1918001,1.59626438551586e-05,0.0175787791611455
122,42,003,191800,2,420031918002,Block Group 2,G5030,S,151177,0,+40.3905048,-080.0228446,Brookline,14,1338.669,2.082,5,1918002,1.59833044463122e-05,0.0174074529201208
123,42,003,191800,5,420031918005,Block Group 5,G5030,S,262287,0,+40.3846477,-080.0129262,Brookline,14,1338.669,2.082,5,1918005,2.77088443033504e-05,0.0359399868355824
124,42,003,191800,4,420031918004,Block Group 4,G5030,S,208766,0,+40.3935062,-080.0262803,Brookline,14,1338.669,2.082,5,1918004,2.20599806417118e-05,0.0239984265160276
125,42,003,191800,7,420031918007,Block Group 7,G5030,S,176569,0,+40.3900890,-080.0122440,Brookline,14,1338.669,2.082,5,1918007,1.87279173646574e-05,0.0227596880941571
126,42,003,191800,6,420031918006,Block Group 6,G5030,S,313952,0,+40.3860641,-080.0092899,Brookline,14,1338.669,2.082,5,1918006,3.35909763275191e-05,0.0279695479385788
127,42,003,090300,2,420030903002,Block Group 2,G5030,S,102533,0,+40.4640387,-079.9556576,Bloomfield,10,451.405,0.702,12,0903002,1.12058868155481e-05,0.0141551187643378
128,42,003,090300,1,420030903001,Block Group 1,G5030,S,152015,0,+40.4645843,-079.9511016,Bloomfield,10,451.405,0.702,12,0903001,1.61412906058623e-05,0.0182955750666632
129,42,003,090200,2,420030902002,Block Group 2,G5030,S,210442,0,+40.4693184,-079.9556506,Central Lawrenceville,18,619.199,0.963,13,0902002,2.23465927609973e-05,0.0288223390850133
130,42,003,090200,1,420030902001,Block Group 1,G5030,S,159316,0,+40.4694752,-079.9592934,Central Lawrenceville,18,619.199,0.963,13,0902001,1.69173112625631e-05,0.0202359379399356
131,42,003,090100,1,420030901001,Block Group 1,G5030,S,366982,29455,+40.4762203,-079.9597019,Central Lawrenceville,18,619.199,0.963,13,0901001,3.86508905436938e-05,0.0373617723460641
132,42,003,080900,2,420030809002,Block Group 2,G5030,S,158489,0,+40.4645240,-079.9429630,Bloomfield,10,451.405,0.702,12,0809002,1.6828477543702e-05,0.026772167771798
133,42,003,080900,1,420030809001,Block Group 1,G5030,S,221736,0,+40.4623780,-079.9463542,Bloomfield,10,451.405,0.702,12,0809001,2.35434811292458e-05,0.0228129153628841
134,42,003,080700,2,420030807002,Block Group 2,G5030,S,143135,0,+40.4592964,-079.9351049,Friendship,34,68.297,0.106,12,0807002,1.5197153528223e-05,0.0160066387604502
135,42,003,562300,1,420035623001,Block Group 1,G5030,S,217601,0,+40.4022395,-079.9398195,Hazelwood,39,1017.805,1.583,9,5623001,2.30839470763806e-05,0.0238050645380809
136,42,003,151700,5,420031517005,Block Group 5,G5030,S,160091,0,+40.4213387,-079.9316081,Greenfield,37,497.028,0.773,9,1517005,1.63507617931885e-05,0.0170914273399004
137,42,003,561600,2,420035616002,Block Group 2,G5030,S,863468,0,+40.4138332,-079.9632700,Arlington,4,302.32,0.47,7,5616002,8.55277445109939e-05,0.0719167342051403
138,42,003,561600,3,420035616003,Block Group 3,G5030,S,208679,0,+40.4161360,-079.9788445,Arlington,4,302.32,0.47,7,5616003,2.20747391288031e-05,0.0223617043756297
139,42,003,561600,4,420035616004,Block Group 4,G5030,S,204036,0,+40.4149245,-079.9736036,Arlington,4,302.32,0.47,7,5616004,2.1649142880012e-05,0.0228590611389208
140,42,003,561700,1,420035617001,Block Group 1,G5030,S,807397,0,+40.4088032,-079.9721874,St. Clair,78,199.285,0.31,7,5617001,8.51407119670362e-05,0.0396604184207678
141,42,003,561700,2,420035617002,Block Group 2,G5030,S,268306,0,+40.4108740,-079.9793742,Mt. Oliver,53,66.226,0.103,7,5617002,2.83559934036897e-05,0.0222602323971831
142,42,003,202200,3,420032022003,Block Group 3,G5030,S,174657,0,+40.4580322,-080.0647449,Sheraden,69,572.125,0.89,4,2022003,1.85435611376783e-05,0.0222152200821519
143,42,003,980700,1,420039807001,Block Group 1,G5030,S,563109,416134,+40.4366295,-080.0102703,South Shore,71,136.201,0.212,16,9807001,5.82193550454758e-05,0.0715048151996853
144,42,003,562700,1,420035627001,Block Group 1,G5030,S,374415,0,+40.4507843,-080.0144032,Allegheny West,2,90.841,0.141,3,5627001,3.88496297521783e-05,0.0284697838924378
145,42,003,562600,2,420035626002,Block Group 2,G5030,S,579141,0,+40.4400199,-080.0409711,Elliott,30,389.87,0.606,4,5626002,6.14718005291893e-05,0.0365758351426674
146,42,003,191900,1,420031919001,Block Group 1,G5030,S,209525,0,+40.3973803,-080.0201213,Brookline,14,1338.669,2.082,5,1919001,2.22260970692767e-05,0.0286688067554064
147,42,003,191900,3,420031919003,Block Group 3,G5030,S,214674,0,+40.3963769,-080.0268837,Brookline,14,1338.669,2.082,5,1919003,2.27391104607176e-05,0.0209469806193937
148,42,003,191900,2,420031919002,Block Group 2,G5030,S,184544,0,+40.3946814,-080.0190010,Brookline,14,1338.669,2.082,5,1919002,1.95750379675475e-05,0.0295206711951494
149,42,003,202200,2,420032022002,Block Group 2,G5030,S,155621,0,+40.4551387,-080.0624096,Sheraden,69,572.125,0.89,4,2022002,1.65217131189018e-05,0.023269436481057
150,42,003,202300,1,420032023001,Block Group 1,G5030,S,458939,0,+40.4184502,-080.0358644,Banksville,6,622.919,0.969,5,2023001,4.75887951426862e-05,0.045471738205087
151,42,003,202300,2,420032023002,Block Group 2,G5030,S,552580,0,+40.4029733,-080.0455088,Banksville,6,622.919,0.969,5,2023002,5.83343881506183e-05,0.0314787321094887
152,42,003,080700,1,420030807001,Block Group 1,G5030,S,131923,0,+40.4627928,-079.9335930,Friendship,34,68.297,0.106,12,0807001,1.40073901319867e-05,0.0154566589951537
153,42,003,080600,2,420030806002,Block Group 2,G5030,S,170535,0,+40.4582793,-079.9397403,Bloomfield,10,451.405,0.702,12,0806002,1.81058725982067e-05,0.0193028529022317
154,42,003,080600,1,420030806001,Block Group 1,G5030,S,234386,0,+40.4615947,-079.9396143,Bloomfield,10,451.405,0.702,12,0806001,2.48861739045363e-05,0.0218809077066113
155,42,003,080400,2,420030804002,Block Group 2,G5030,S,204063,0,+40.4551218,-079.9478971,Bloomfield,10,451.405,0.702,12,0804002,2.16648014906782e-05,0.021040129067305
156,42,003,080400,1,420030804001,Block Group 1,G5030,S,226326,0,+40.4574303,-079.9441129,Bloomfield,10,451.405,0.702,12,0804001,2.4029032177582e-05,0.024417023495568
157,42,003,080200,1,420030802001,Block Group 1,G5030,S,253255,0,+40.4593334,-079.9510099,Bloomfield,10,451.405,0.702,12,0802001,2.68888667918371e-05,0.0273737066715516
158,42,003,070900,2,420030709002,Block Group 2,G5030,S,136793,0,+40.4510923,-079.9473004,Shadyside,68,592.104,0.921,12,0709002,1.45219509315763e-05,0.0155264478065771
159,42,003,070900,1,420030709001,Block Group 1,G5030,S,306599,0,+40.4544392,-079.9379457,Shadyside,68,592.104,0.921,12,0709001,3.2550110178995e-05,0.0293807297346848
160,42,003,070800,2,420030708002,Block Group 2,G5030,S,262499,0,+40.4551027,-079.9181947,Shadyside,68,592.104,0.921,12,0708002,2.78688212671239e-05,0.0252674110482524
161,42,003,070800,1,420030708001,Block Group 1,G5030,S,189466,0,+40.4584739,-079.9219989,Shadyside,68,592.104,0.921,12,0708001,1.97178669421904e-05,0.0188515369175208
162,42,003,300100,5,420033001005,Block Group 5,G5030,S,121963,0,+40.4109357,-079.9931744,Knoxville,44,193.982,0.302,6,3001005,1.30194691895336e-05,0.0185034438320285
163,42,003,300100,6,420033001006,Block Group 6,G5030,S,121530,0,+40.4088504,-079.9939368,Knoxville,44,193.982,0.302,6,3001006,1.32085389805214e-05,0.0157683848799075
164,42,003,562000,3,420035620003,Block Group 3,G5030,S,232867,0,+40.4481874,-079.9558045,North Oakland,56,320.679,0.499,14,5620003,2.47201942810975e-05,0.0234399236612058
165,42,003,562400,4,420035624004,Block Group 4,G5030,S,303370,0,+40.4187712,-080.0050308,Beltzhoover,9,270.374,0.421,6,5624004,3.21906146920668e-05,0.0259543882118612
166,42,003,562400,3,420035624003,Block Group 3,G5030,S,123340,0,+40.4166387,-080.0015437,Beltzhoover,9,270.374,0.421,6,5624003,1.30871736797066e-05,0.0203759931578285
167,42,003,562700,2,420035627002,Block Group 2,G5030,S,535964,5234,+40.4515765,-080.0053403,Allegheny Center,1,134.703,0.21,3,5627002,5.75200236764278e-05,0.034826587427846
168,42,003,040200,1,420030402001,Block Group 1,G5030,S,330572,0,+40.4381815,-079.9683880,West Oakland,88,138.372,0.215,14,0402001,2.91530309824905e-05,0.044440452336195
169,42,003,270800,3,420032708003,Block Group 3,G5030,S,633737,0,+40.4865869,-080.0297229,Brighton Heights,13,718.262,1.117,2,2708003,6.72065517641465e-05,0.0441876255837511
170,42,003,981200,1,420039812001,Block Group 1,G5030,S,460856,156623,+40.4464954,-080.0119840,North Shore,57,195.014,0.303,16,9812001,5.01552321018777e-05,0.0361208283622535
171,42,003,202300,3,420032023003,Block Group 3,G5030,S,674345,0,+40.4076057,-080.0411187,Banksville,6,622.919,0.969,5,2023003,7.15280497742062e-05,0.042096693550436
172,42,003,281400,1,420032814001,Block Group 1,G5030,S,348105,0,+40.4496310,-080.0569283,Crafton Heights,23,484.575,0.754,4,2814001,3.69370995733184e-05,0.02789015809788
173,42,003,281500,2,420032815002,Block Group 2,G5030,S,312994,0,+40.4407028,-080.0568585,Crafton Heights,23,484.575,0.754,4,2815002,3.31494564115162e-05,0.025607845164728
174,42,003,281500,1,420032815001,Block Group 1,G5030,S,304110,0,+40.4402148,-080.0509136,Crafton Heights,23,484.575,0.754,4,2815001,3.22792523491631e-05,0.0353827777871865
175,42,003,290200,4,420032902004,Block Group 4,G5030,S,164293,0,+40.3995328,-079.9865844,Carrick,16,1075.67,1.673,5,2902004,1.74282048478915e-05,0.0213260237752996
176,42,003,290200,5,420032902005,Block Group 5,G5030,S,252783,0,+40.4039349,-079.9878790,Carrick,16,1075.67,1.673,5,2902005,2.69291906511203e-05,0.0273515932236906
177,42,003,070600,2,420030706002,Block Group 2,G5030,S,145020,0,+40.4519412,-079.9274585,Shadyside,68,592.104,0.921,12,0706002,1.53955843375289e-05,0.01729658240569
178,42,003,070600,1,420030706001,Block Group 1,G5030,S,144720,0,+40.4546022,-079.9234925,Shadyside,68,592.104,0.921,12,0706001,1.53641947810779e-05,0.0164958948556191
179,42,003,070500,3,420030705003,Block Group 3,G5030,S,196368,0,+40.4574217,-079.9293781,Shadyside,68,592.104,0.921,12,0705003,2.08486689565937e-05,0.0239141766271796
180,42,003,070500,2,420030705002,Block Group 2,G5030,S,71768,0,+40.4539089,-079.9307306,Shadyside,68,592.104,0.921,12,0705002,7.61894811801368e-06,0.0115484041983119
181,42,003,070500,1,420030705001,Block Group 1,G5030,S,144617,0,+40.4551545,-079.9275190,Shadyside,68,592.104,0.921,12,0705001,1.53535735147297e-05,0.0155129115040564
182,42,003,070300,3,420030703003,Block Group 3,G5030,S,214195,0,+40.4501627,-079.9374007,Shadyside,68,592.104,0.921,12,0703003,2.27386125033391e-05,0.0201660069186244
183,42,003,070300,2,420030703002,Block Group 2,G5030,S,113412,0,+40.4502300,-079.9325808,Shadyside,68,592.104,0.921,12,0703002,1.20398575978043e-05,0.0147110055001484
184,42,003,070300,1,420030703001,Block Group 1,G5030,S,100941,0,+40.4527240,-079.9334901,Shadyside,68,592.104,0.921,12,0703001,1.07159832723719e-05,0.0134176762474019
185,42,003,060500,2,420030605002,Block Group 2,G5030,S,255123,0,+40.4586040,-079.9613007,Polish Hill,65,163.677,0.255,13,0605002,2.71373739275684e-05,0.0299668161783203
186,42,003,060500,1,420030605001,Block Group 1,G5030,S,402393,0,+40.4570599,-079.9693493,Polish Hill,65,163.677,0.255,13,0605001,4.28789489898013e-05,0.0333419459962403
187,42,003,261500,2,420032615002,Block Group 2,G5030,S,811063,0,+40.4699239,-080.0194200,Perry South,62,581.656,0.905,2,2615002,8.28644564648347e-05,0.0500746194987432
188,42,003,070900,3,420030709003,Block Group 3,G5030,S,220162,0,+40.4489296,-079.9431349,Shadyside,68,592.104,0.921,12,0709003,2.3671831006381e-05,0.0214793958764984
189,42,003,980600,1,420039806001,Block Group 1,G5030,S,982752,473795,+40.4518148,-080.0280506,Chateau,22,246.501,0.383,3,9806001,0.000105422791218898,0.0609921775536281
190,42,003,561600,1,420035616001,Block Group 1,G5030,S,294192,0,+40.4168800,-079.9615214,Arlington Heights,5,84.592,0.132,7,5616001,3.61555595977081e-05,0.0328361787811565
191,42,003,140100,3,420031401003,Block Group 3,G5030,S,291302,0,+40.4427301,-079.9435821,Squirrel Hill North,76,785.948,1.222,10,1401003,3.06895980047304e-05,0.0270035886973157
192,42,003,290100,1,420032901001,Block Group 1,G5030,S,743167,0,+40.4017390,-079.9944877,Carrick,16,1075.67,1.673,5,2901001,7.88133585316335e-05,0.0454375193267238
193,42,003,290100,2,420032901002,Block Group 2,G5030,S,264673,0,+40.3957758,-079.9905068,Carrick,16,1075.67,1.673,5,2901002,2.81409759257955e-05,0.0373213385298838
194,42,003,290200,1,420032902001,Block Group 1,G5030,S,558958,0,+40.4021310,-079.9817033,Carrick,16,1075.67,1.673,5,2902001,5.97280213205599e-05,0.048169268445302
195,42,003,290100,3,420032901003,Block Group 3,G5030,S,261682,0,+40.3936852,-079.9901618,Carrick,16,1075.67,1.673,5,2901003,2.77352019897269e-05,0.0273921160327822
196,42,003,290200,2,420032902002,Block Group 2,G5030,S,303671,0,+40.3927804,-079.9826480,Carrick,16,1075.67,1.673,5,2902002,3.2210471852834e-05,0.0337950704667469
197,42,003,290200,3,420032902003,Block Group 3,G5030,S,174184,0,+40.3951867,-079.9842495,Carrick,16,1075.67,1.673,5,2902003,1.84764966792528e-05,0.0224374660119219
198,42,003,060300,2,420030603002,Block Group 2,G5030,S,728091,144825,+40.4674143,-079.9668064,Lower Lawrenceville,48,276.392,0.43,13,0603002,7.69491717049672e-05,0.0379912061727396
199,42,003,051100,1,420030511001,Block Group 1,G5030,S,183645,0,+40.4416579,-079.9764621,Terrace Village,83,219.783,0.342,15,0511001,2.05827751891029e-05,0.0196479757919948
200,42,003,051000,2,420030510002,Block Group 2,G5030,S,385060,0,+40.4459973,-079.9651193,Terrace Village,83,219.783,0.342,15,0510002,4.09714094545906e-05,0.0323552356981447
201,42,003,051000,1,420030510001,Block Group 1,G5030,S,258877,0,+40.4419740,-079.9711266,Terrace Village,83,219.783,0.342,15,0510001,3.24369454895843e-05,0.0289217797715851
202,42,003,050900,1,420030509001,Block Group 1,G5030,S,462660,4114,+40.4512373,-079.9745804,Bedford Dwellings,7,115.252,0.179,15,0509001,4.92959470073242e-05,0.0473843934533752
203,42,003,141000,1,420031410001,Block Group 1,G5030,S,507903,0,+40.4328896,-079.8976172,Regent Square,66,123.682,0.192,10,1410001,5.28638278107493e-05,0.0489742226801994
204,42,003,140800,3,420031408003,Block Group 3,G5030,S,107775,0,+40.4310415,-079.9212387,Squirrel Hill South,77,1717.485,2.671,10,1408003,1.14380008462846e-05,0.0143827773652008
205,42,003,170200,4,420031702004,Block Group 4,G5030,S,185601,0,+40.4269824,-079.9793259,South Side Flats,72,601.553,0.936,7,1702004,1.97079513512098e-05,0.018660839242413
206,42,003,562900,2,420035629002,Block Group 2,G5030,S,4488597,20843,+40.3937604,-079.9499181,Hays,38,1125.478,1.75,8,5629002,0.000480725360621777,0.179676947447219
207,42,003,290400,2,420032904002,Block Group 2,G5030,S,516447,0,+40.3877403,-079.9814709,Carrick,16,1075.67,1.673,5,2904002,5.46784188353698e-05,0.0413873550352317
208,42,003,290400,1,420032904001,Block Group 1,G5030,S,267174,0,+40.3897448,-079.9898590,Carrick,16,1075.67,1.673,5,2904001,2.75310728885705e-05,0.0311652875695089
209,42,003,290400,5,420032904005,Block Group 5,G5030,S,177730,0,+40.3823902,-079.9803183,Carrick,16,1075.67,1.673,5,2904005,1.87989102437616e-05,0.025291359332704
210,42,003,300100,2,420033001002,Block Group 2,G5030,S,119504,0,+40.4165708,-079.9924608,Knoxville,44,193.982,0.302,6,3001002,1.27460553141205e-05,0.0211874311956551
211,42,003,300100,1,420033001001,Block Group 1,G5030,S,94718,0,+40.4178273,-079.9927417,Knoxville,44,193.982,0.302,6,3001001,1.00787295663647e-05,0.0203938840347163
212,42,003,300100,4,420033001004,Block Group 4,G5030,S,139746,0,+40.4128574,-079.9929407,Knoxville,44,193.982,0.302,6,3001004,1.49244736562781e-05,0.0250762872724558
213,42,003,300100,3,420033001003,Block Group 3,G5030,S,178181,0,+40.4148090,-079.9928196,Knoxville,44,193.982,0.302,6,3001003,1.89245095792124e-05,0.0248283714091191
214,42,003,140800,2,420031408002,Block Group 2,G5030,S,371307,0,+40.4355760,-079.9190519,Squirrel Hill South,77,1717.485,2.671,10,1408002,3.94089309736813e-05,0.0316457640820206
215,42,003,140800,1,420031408001,Block Group 1,G5030,S,609993,0,+40.4322685,-079.9142909,Squirrel Hill South,77,1717.485,2.671,10,1408001,6.47390928068732e-05,0.0611111419484172
216,42,003,140600,2,420031406002,Block Group 2,G5030,S,322658,0,+40.4451617,-079.8988009,Point Breeze,63,645.695,1.004,10,1406002,3.42506986474361e-05,0.0319637476126324
217,42,003,140600,1,420031406001,Block Group 1,G5030,S,380557,0,+40.4479192,-079.9064888,Point Breeze,63,645.695,1.004,10,1406001,4.03980304235005e-05,0.0279495205364531
218,42,003,140500,3,420031405003,Block Group 3,G5030,S,172851,0,+40.4523867,-079.9073195,Point Breeze North,64,183.781,0.286,11,1405003,1.83501684232679e-05,0.0227660729707909
219,42,003,140500,2,420031405002,Block Group 2,G5030,S,199791,0,+40.4541518,-079.9060600,Point Breeze North,64,183.781,0.286,11,1405002,2.11742042699732e-05,0.0236757393757449
220,42,003,140500,1,420031405001,Block Group 1,G5030,S,383043,0,+40.4500374,-079.8977168,Point Breeze North,64,183.781,0.286,11,1405001,4.08998714448155e-05,0.0287542557262997
221,42,003,140400,3,420031404003,Block Group 3,G5030,S,425133,0,+40.4492147,-079.9182174,Point Breeze,63,645.695,1.004,10,1404003,4.51307844635582e-05,0.0297121349184896
222,42,003,140400,2,420031404002,Block Group 2,G5030,S,198772,0,+40.4473171,-079.9143987,Point Breeze,63,645.695,1.004,10,1404002,2.11281933443681e-05,0.0214971367015499
223,42,003,191500,2,420031915002,Block Group 2,G5030,S,275067,0,+40.4231324,-080.0088702,Mount Washington,54,732.495,1.139,6,1915002,2.91892611954629e-05,0.0298240416430625
224,42,003,980900,1,420039809001,Block Group 1,G5030,S,1453388,854869,+40.4659231,-080.0458881,Marshall-Shadeland,50,148.209,0.231,2,9809001,6.33976588781389e-05,0.0400250452966666
225,42,003,562500,2,420035625002,Block Group 2,G5030,S,471697,0,+40.4561319,-080.0477532,Sheraden,69,572.125,0.89,4,5625002,4.96480309244372e-05,0.0405723523032899
226,42,003,562500,3,420035625003,Block Group 3,G5030,S,353000,0,+40.4521930,-080.0509090,Sheraden,69,572.125,0.89,4,5625003,3.7432328016782e-05,0.0431261356740262
227,42,003,290400,4,420032904004,Block Group 4,G5030,S,369957,0,+40.3909811,-079.9764177,Carrick,16,1075.67,1.673,5,2904004,3.9911766774943e-05,0.036990464755591
228,42,003,562000,1,420035620001,Block Group 1,G5030,S,84568,0,+40.4509240,-079.9510070,North Oakland,56,320.679,0.499,14,5620001,8.97775815967263e-06,0.0125940230171412
229,42,003,070900,4,420030709004,Block Group 4,G5030,S,139673,0,+40.4525514,-079.9436227,Shadyside,68,592.104,0.921,12,0709004,1.48280775811824e-05,0.0158580919920075
230,42,003,310200,4,420033102004,Block Group 4,G5030,S,1047140,0,+40.3745282,-079.9191876,Lincoln Place,46,632.497,0.984,8,3102004,0.000110890097311372,0.0503288172418635
231,42,003,310200,2,420033102002,Block Group 2,G5030,S,603127,0,+40.3680699,-079.9062776,Lincoln Place,46,632.497,0.984,8,3102002,6.52873727279465e-05,0.0389422256431716
232,42,003,310200,1,420033102001,Block Group 1,G5030,S,287589,0,+40.3771407,-079.9121875,Lincoln Place,46,632.497,0.984,8,3102001,3.11948898209577e-05,0.0286463496168372
233,42,003,310200,5,420033102005,Block Group 5,G5030,S,267500,0,+40.3677083,-079.9180462,Lincoln Place,46,632.497,0.984,8,3102005,2.75942936259031e-05,0.0360258071964612
234,42,003,310200,3,420033102003,Block Group 3,G5030,S,336563,0,+40.3656819,-079.9108798,Lincoln Place,46,632.497,0.984,8,3102003,3.51028968869536e-05,0.0352055113331617
235,42,003,320400,3,420033204003,Block Group 3,G5030,S,196086,0,+40.3911959,-079.9952543,Overbrook,60,539.515,0.839,5,3204003,2.11283704417751e-05,0.031296907775492
236,42,003,140400,1,420031404001,Block Group 1,G5030,S,210439,0,+40.4515018,-079.9120086,Point Breeze,63,645.695,1.004,10,1404001,2.23405205185122e-05,0.0192595659264865
237,42,003,140300,4,420031403004,Block Group 4,G5030,S,244015,0,+40.4427330,-079.9230623,Squirrel Hill North,76,785.948,1.222,10,1403004,2.59016485306273e-05,0.0262499176984536
238,42,003,140300,3,420031403003,Block Group 3,G5030,S,255284,0,+40.4397145,-079.9234589,Squirrel Hill North,76,785.948,1.222,10,1403003,2.70964459913064e-05,0.0229894999085038
239,42,003,140300,2,420031403002,Block Group 2,G5030,S,288795,0,+40.4403396,-079.9159619,Squirrel Hill North,76,785.948,1.222,10,1403002,3.06536094864328e-05,0.0230364319120749
240,42,003,140300,1,420031403001,Block Group 1,G5030,S,153643,0,+40.4443637,-079.9143769,Squirrel Hill North,76,785.948,1.222,10,1403001,1.63667324516078e-05,0.0178358101446621
241,42,003,140200,2,420031402002,Block Group 2,G5030,S,336251,0,+40.4470935,-079.9297264,Squirrel Hill North,76,785.948,1.222,10,1402002,3.56945349552656e-05,0.0291818584199065
242,42,003,140200,1,420031402001,Block Group 1,G5030,S,423236,0,+40.4483633,-079.9235981,Squirrel Hill North,76,785.948,1.222,10,1402001,4.49290425787276e-05,0.0299537967718681
243,42,003,140100,4,420031401004,Block Group 4,G5030,S,191468,0,+40.4461764,-079.9428625,Squirrel Hill North,76,785.948,1.222,10,1401004,2.04315330149711e-05,0.0260273172792014
244,42,003,140100,2,420031401002,Block Group 2,G5030,S,545736,0,+40.4403036,-079.9337536,Squirrel Hill North,76,785.948,1.222,10,1401002,5.79262497597823e-05,0.0414635671189589
245,42,003,140100,1,420031401001,Block Group 1,G5030,S,437062,0,+40.4442956,-079.9352599,Squirrel Hill North,76,785.948,1.222,10,1401001,4.63941687763949e-05,0.0290594273101431
246,42,003,271500,3,420032715003,Block Group 3,G5030,S,388703,0,+40.4716738,-080.0340754,Marshall-Shadeland,50,657.903,1.023,2,2715003,4.1260345356257e-05,0.0365524203469199
247,42,003,271500,2,420032715002,Block Group 2,G5030,S,346313,0,+40.4706226,-080.0297333,Marshall-Shadeland,50,657.903,1.023,2,2715002,3.67754139233297e-05,0.0386355352368216
248,42,003,562600,4,420035626004,Block Group 4,G5030,S,260149,0,+40.4440663,-080.0364074,Elliott,30,389.87,0.606,4,5626004,2.76145483380931e-05,0.0271476348592593
249,42,003,562500,4,420035625004,Block Group 4,G5030,S,601811,0,+40.4580575,-080.0582931,Sheraden,69,572.125,0.89,4,5625004,6.37235719565262e-05,0.0531964609528399
250,42,003,563200,2,420035632002,Block Group 2,G5030,S,294331,0,+40.4535118,-079.9979360,East Allegheny,26,151.705,0.236,3,5632002,3.14319225307095e-05,0.026433093993604
251,42,003,250900,1,420032509001,Block Group 1,G5030,S,258934,0,+40.4608171,-080.0047738,Fineview,33,160.488,0.25,3,2509001,2.77957831721022e-05,0.0304488053631545
252,42,003,261400,4,420032614004,Block Group 4,G5030,S,329769,0,+40.4683526,-080.0064339,Perry South,62,581.656,0.905,2,2614004,3.50171650648713e-05,0.029811450847104
253,42,003,561900,1,420035619001,Block Group 1,G5030,S,597381,0,+40.4742770,-079.8949114,Lincoln-Lemington-Belmar,47,984.873,1.532,11,5619001,6.35307626148413e-05,0.0465078251144115
254,42,003,141400,2,420031414002,Block Group 2,G5030,S,173646,0,+40.4243851,-079.9207306,Squirrel Hill South,77,1717.485,2.671,10,1414002,1.84270397479996e-05,0.0276078249016566
255,42,003,151700,6,420031517006,Block Group 6,G5030,S,200375,0,+40.4254083,-079.9318638,Greenfield,37,497.028,0.773,9,1517006,2.12639158081167e-05,0.0191339901577539
256,42,003,192000,2,420031920002,Block Group 2,G5030,S,246368,0,+40.4016212,-080.0253551,Beechview,8,938.804,1.46,5,1920002,2.61355872239163e-05,0.0253752327187258
257,42,003,261400,3,420032614003,Block Group 3,G5030,S,222271,0,+40.4679547,-080.0114593,Perry South,62,581.656,0.905,2,2614003,2.3602134032657e-05,0.0228015481100319
258,42,003,192000,4,420031920004,Block Group 4,G5030,S,217052,0,+40.4008905,-080.0296710,Beechview,8,938.804,1.46,5,1920004,2.29916618431314e-05,0.0220264886973835
259,42,003,192000,3,420031920003,Block Group 3,G5030,S,451676,0,+40.4053264,-080.0313269,Beechview,8,938.804,1.46,5,1920003,4.79192615285807e-05,0.0411219578528655
260,42,003,192000,5,420031920005,Block Group 5,G5030,S,163611,0,+40.4084166,-080.0236010,Beechview,8,938.804,1.46,5,1920005,1.73582256440979e-05,0.0230092953994925
261,42,003,320400,1,420033204001,Block Group 1,G5030,S,487452,0,+40.3813312,-079.9903213,Overbrook,60,539.515,0.839,5,3204001,5.09948981109072e-05,0.0329289237478703
262,42,003,320400,2,420033204002,Block Group 2,G5030,S,169910,0,+40.3870132,-079.9933948,Overbrook,60,539.515,0.839,5,3204002,1.84354924755251e-05,0.0230095522075437
263,42,003,320600,1,420033206001,Block Group 1,G5030,S,656883,0,+40.3971295,-080.0068447,Brookline,14,1338.669,2.082,5,3206001,6.9679986969532e-05,0.0500552381115391
264,42,003,320700,1,420033207001,Block Group 1,G5030,S,730543,0,+40.3857238,-080.0009505,Overbrook,60,539.515,0.839,5,3207001,7.82641173805622e-05,0.0492607493120224
265,42,003,320700,2,420033207002,Block Group 2,G5030,S,584829,0,+40.3783503,-079.9993597,Overbrook,60,539.515,0.839,5,3207002,6.16290648068879e-05,0.0393181279352653
266,42,003,130600,3,420031306003,Block Group 3,G5030,S,702176,0,+40.4531812,-079.8715481,East Hills,28,348.077,0.541,11,1306003,7.32407958215743e-05,0.0348025290201868
267,42,003,130600,2,420031306002,Block Group 2,G5030,S,336046,0,+40.4571221,-079.8760661,East Hills,28,348.077,0.541,11,1306002,3.69320113431448e-05,0.0439062574857451
268,42,003,130400,3,420031304003,Block Group 3,G5030,S,115917,0,+40.4496890,-079.8859784,Homewood South,42,256.093,0.398,11,1304003,1.22362284437452e-05,0.0185855550841748
269,42,003,130400,2,420031304002,Block Group 2,G5030,S,193262,0,+40.4508292,-079.8891462,Homewood South,42,256.093,0.398,11,1304002,2.003262175452e-05,0.0197135291331677
270,42,003,130300,3,420031303003,Block Group 3,G5030,S,232737,0,+40.4556706,-079.8998750,Homewood South,42,256.093,0.398,11,1303003,2.47091722231172e-05,0.0243542268743803
271,42,003,130300,2,420031303002,Block Group 2,G5030,S,168926,0,+40.4526261,-079.8948056,Homewood South,42,256.093,0.398,11,1303002,1.78371912452612e-05,0.0186640597160874
272,42,003,130300,1,420031303001,Block Group 1,G5030,S,144645,0,+40.4552880,-079.8943066,Homewood South,42,256.093,0.398,11,1303001,1.53565707992657e-05,0.0190656858050333
273,42,003,130200,2,420031302002,Block Group 2,G5030,S,186305,0,+40.4594767,-079.8955903,Homewood North,41,279.14,0.434,11,1302002,1.97805740668843e-05,0.0182753762901558
274,42,003,270800,2,420032708002,Block Group 2,G5030,S,316228,0,+40.4811678,-080.0308312,Brighton Heights,13,718.262,1.117,2,2708002,3.35856617711804e-05,0.040137004498403
275,42,003,270800,1,420032708001,Block Group 1,G5030,S,320821,0,+40.4883995,-080.0376363,Brighton Heights,13,718.262,1.117,2,2708001,3.37296219896344e-05,0.0274231701342253
276,42,003,270300,2,420032703002,Block Group 2,G5030,S,217586,0,+40.4768739,-080.0397868,Brighton Heights,13,718.262,1.117,2,2703002,2.24903164593456e-05,0.0246158069069205
277,42,003,270300,1,420032703001,Block Group 1,G5030,S,386787,0,+40.4783520,-080.0351779,Brighton Heights,13,718.262,1.117,2,2703001,4.10777262720487e-05,0.0300641994652535
278,42,003,980400,1,420039804001,Block Group 1,G5030,S,1106408,0,+40.4819387,-080.0200201,Perry North,61,779.088,1.212,2,9804001,0.000117582910918461,0.075395049519244
279,42,003,192000,1,420031920001,Block Group 1,G5030,S,284141,0,+40.4058572,-080.0217045,Beechview,8,938.804,1.46,5,1920001,3.01446897754019e-05,0.0274957745999353
280,42,003,481000,2,420034810002,Block Group 2,G5030,S,211451,0,+40.4120501,-079.9841274,Mount Oliver Borough,0,218.225,0.339,0,4810002,2.24636296290741e-05,0.0265385161420423
281,42,003,320600,2,420033206002,Block Group 2,G5030,S,818600,0,+40.3926792,-080.0036674,Brookline,14,1338.669,2.082,5,3206002,8.55605817117299e-05,0.0423853085915729
282,42,003,130200,1,420031302001,Block Group 1,G5030,S,162183,0,+40.4577941,-079.8910865,Homewood North,41,279.14,0.434,11,1302001,1.72188903837734e-05,0.0195759721493015
283,42,003,130100,3,420031301003,Block Group 3,G5030,S,156450,0,+40.4613144,-079.8987905,Homewood North,41,279.14,0.434,11,1301003,1.6611324905592e-05,0.0218844817252157
284,42,003,130100,2,420031301002,Block Group 2,G5030,S,169075,0,+40.4610815,-079.8921492,Homewood North,41,279.14,0.434,11,1301002,1.8007963535441e-05,0.0267428219870125
285,42,003,130100,1,420031301001,Block Group 1,G5030,S,446625,0,+40.4578346,-079.8838395,Homewood North,41,279.14,0.434,11,1301001,4.77877313126234e-05,0.0296055482778801
286,42,003,120800,2,420031208002,Block Group 2,G5030,S,533380,0,+40.4589802,-079.9121415,Larimer,45,286.16,0.445,12,1208002,5.66304243852374e-05,0.0376401669319195
287,42,003,120800,1,420031208001,Block Group 1,G5030,S,182742,0,+40.4644642,-079.9160491,Larimer,45,286.16,0.445,12,1208001,1.94036953907027e-05,0.0194023929577412
288,42,003,120700,2,420031207002,Block Group 2,G5030,S,200053,0,+40.4569713,-079.9050701,Homewood West,43,127.819,0.199,11,1207002,2.12763052086803e-05,0.022372964092348
289,42,003,040400,2,420030404002,Block Group 2,G5030,S,123990,0,+40.4482650,-079.9499687,North Oakland,56,320.679,0.499,14,0404002,1.29706138793669e-05,0.0148062650469108
290,42,003,980300,1,420039803001,Block Group 1,G5030,S,1294099,0,+40.4325504,-079.9057230,Squirrel Hill South,77,1717.485,2.671,10,9803001,0.00013845020155484,0.0581811135771084
291,42,003,141400,5,420031414005,Block Group 5,G5030,S,140754,0,+40.4275500,-079.9245784,Squirrel Hill South,77,1717.485,2.671,10,1414005,1.49372362834095e-05,0.0173737044475708
292,42,003,261400,1,420032614001,Block Group 1,G5030,S,306415,0,+40.4653223,-080.0168974,Perry South,62,581.656,0.905,2,2614001,3.25357567418175e-05,0.0245958263375246
293,42,003,562800,2,420035628002,Block Group 2,G5030,S,653726,0,+40.4269246,-080.0658036,Oakwood,59,162.015,0.252,4,5628002,6.89024591852337e-05,0.0510668852242296
294,42,003,481000,3,420034810003,Block Group 3,G5030,S,195227,0,+40.4100338,-079.9884063,Mount Oliver Borough,0,218.225,0.339,0,4810003,2.05782646090523e-05,0.0221251822133113
295,42,003,481000,1,420034810001,Block Group 1,G5030,S,212675,0,+40.4158850,-079.9851540,Mount Oliver Borough,0,218.225,0.339,0,4810001,2.25722533822874e-05,0.02085989167114
296,42,003,481000,4,420034810004,Block Group 4,G5030,S,260030,0,+40.4077982,-079.9851751,Mount Oliver Borough,0,218.225,0.339,0,4810004,2.76084339281833e-05,0.0294395259860491
297,42,003,120700,1,420031207001,Block Group 1,G5030,S,315075,0,+40.4609938,-079.9032351,Homewood West,43,127.819,0.199,11,1207001,3.34533805879059e-05,0.0247138122507371
298,42,003,120400,2,420031204002,Block Group 2,G5030,S,260666,0,+40.4666609,-079.9115639,Larimer,45,286.16,0.445,12,1204002,2.7678433678267e-05,0.0229576236102701
299,42,003,120300,2,420031203002,Block Group 2,G5030,S,303104,0,+40.4667430,-079.9005376,Lincoln-Lemington-Belmar,47,984.873,1.532,11,1203002,3.21847483030716e-05,0.0257669736902402
300,42,003,120300,1,420031203001,Block Group 1,G5030,S,777383,0,+40.4704322,-079.9038473,Lincoln-Lemington-Belmar,47,984.873,1.532,11,1203001,8.25502767313408e-05,0.0476094098505797
301,42,003,111500,4,420031115004,Block Group 4,G5030,S,273819,0,+40.4612717,-079.9187769,East Liberty,29,373.65,0.581,12,1115004,2.94711848105188e-05,0.0215461707150545
302,42,003,111500,3,420031115003,Block Group 3,G5030,S,243983,0,+40.4616936,-079.9256118,East Liberty,29,373.65,0.581,12,1115003,2.59050191285692e-05,0.0216398181907174
303,42,003,111500,2,420031115002,Block Group 2,G5030,S,245692,0,+40.4613527,-079.9302786,East Liberty,29,373.65,0.581,12,1115002,2.60868242980887e-05,0.0247433101366433
304,42,003,111500,1,420031115001,Block Group 1,G5030,S,196485,0,+40.4652668,-079.9246302,East Liberty,29,373.65,0.581,12,1115001,2.0863325381121e-05,0.0222968514342658
305,42,003,562800,1,420035628001,Block Group 1,G5030,S,1122222,0,+40.4202222,-080.0745718,East Carnegie,27,277.895,0.432,4,5628001,0.000118019224749806,0.0599110450472404
306,42,003,310300,1,420033103001,Block Group 1,G5030,S,2048522,0,+40.3879201,-079.9225537,New Homestead,55,510.728,0.794,8,3103001,0.000218226556541058,0.0718518740149997
307,42,003,111400,2,420031114002,Block Group 2,G5030,S,172205,0,+40.4669071,-079.9332758,Garfield,35,294.077,0.457,12,1114002,1.82855777470107e-05,0.0193225039943299
308,42,003,111400,1,420031114001,Block Group 1,G5030,S,155417,0,+40.4671249,-079.9302535,Garfield,35,294.077,0.457,12,1114001,1.65029944279788e-05,0.0198398912789771
309,42,003,111300,4,420031113004,Block Group 4,G5030,S,161217,0,+40.4674207,-079.9196807,East Liberty,29,373.65,0.581,12,1113004,1.71190757666787e-05,0.017700379417165
310,42,003,111300,3,420031113003,Block Group 3,G5030,S,90448,0,+40.4680245,-079.9256027,East Liberty,29,373.65,0.581,12,1113003,9.60454906598298e-06,0.0130771975164621
311,42,003,111300,2,420031113002,Block Group 2,G5030,S,130582,0,+40.4691148,-079.9238106,East Liberty,29,373.65,0.581,12,1113002,1.38661785971042e-05,0.0197972269905505
312,42,003,111300,1,420031113001,Block Group 1,G5030,S,155134,0,+40.4710476,-079.9294133,East Liberty,29,373.65,0.581,12,1113001,1.69240113511843e-05,0.0183807965791199
313,42,003,110600,3,420031106003,Block Group 3,G5030,S,135853,0,+40.4707047,-079.9181968,Highland Park,40,747.691,1.163,12,1106003,1.44263261194171e-05,0.0155189160286038
314,42,003,110600,1,420031106001,Block Group 1,G5030,S,271548,0,+40.4715544,-079.9137441,Highland Park,40,747.691,1.163,12,1106001,2.88362332101891e-05,0.0251657852156687
315,42,003,110200,4,420031102004,Block Group 4,G5030,S,226789,0,+40.4725674,-079.9227477,Highland Park,40,747.691,1.163,12,1102004,2.40833997379412e-05,0.0198470462769534
316,42,003,110200,3,420031102003,Block Group 3,G5030,S,298196,0,+40.4765111,-079.9261174,Highland Park,40,747.691,1.163,12,1102003,3.08343064427234e-05,0.025010720711065
317,42,003,110200,2,420031102002,Block Group 2,G5030,S,145230,0,+40.4757786,-079.9213093,Highland Park,40,747.691,1.163,12,1102002,1.54233972668113e-05,0.0168988788693801
318,42,003,050600,3,420030506003,Block Group 3,G5030,S,287852,0,+40.4507230,-079.9591365,Upper Hill,85,201.167,0.313,15,0506003,3.04616555296953e-05,0.029830053291777
319,42,003,050600,2,420030506002,Block Group 2,G5030,S,126131,0,+40.4521207,-079.9616517,Upper Hill,85,201.167,0.313,15,0506002,1.33903668934565e-05,0.0177505813727246
320,42,003,980500,1,420039805001,Block Group 1,G5030,S,1603807,8799,+40.4327243,-079.9436647,Squirrel Hill South,77,1717.485,2.671,10,9805001,0.000170832715539466,0.061851542858584
321,42,003,160800,3,420031608003,Block Group 3,G5030,S,252786,0,+40.4192564,-079.9687826,South Side Slopes,73,460.632,0.716,7,1608003,2.68234165328837e-05,0.0285645921712961
322,42,003,160800,4,420031608004,Block Group 4,G5030,S,443571,0,+40.4207815,-079.9759391,South Side Slopes,73,460.632,0.716,7,1608004,4.70411817442882e-05,0.0358580445827164
323,42,003,160900,2,420031609002,Block Group 2,G5030,S,838891,282865,+40.4217339,-079.9608102,South Side Flats,72,601.553,0.936,7,1609002,9.20945493303298e-05,0.070176626718846
324,42,003,050600,1,420030506001,Block Group 1,G5030,S,392337,6854,+40.4553953,-079.9580440,Upper Hill,85,201.167,0.313,15,0506001,4.21733195505156e-05,0.0332213273333269
325,42,003,050100,3,420030501003,Block Group 3,G5030,S,308316,0,+40.4459724,-079.9776953,Middle Hill,51,196.108,0.305,15,0501003,3.26983419179366e-05,0.0253794044421347
326,42,003,050100,2,420030501002,Block Group 2,G5030,S,239938,0,+40.4474812,-079.9721392,Middle Hill,51,196.108,0.305,15,0501002,2.54705595838794e-05,0.0235241562173663
327,42,003,050100,1,420030501001,Block Group 1,G5030,S,242120,0,+40.4501583,-079.9675165,Middle Hill,51,196.108,0.305,15,0501001,2.5703040507643e-05,0.0217480436774018
328,42,003,040900,2,420030409002,Block Group 2,G5030,S,230361,0,+40.4318337,-079.9556760,South Oakland,70,326.793,0.508,14,0409002,2.4448115065753e-05,0.0206896549329722
329,42,003,040900,1,420030409001,Block Group 1,G5030,S,437084,0,+40.4355157,-079.9628404,South Oakland,70,326.793,0.508,14,0409001,4.63629292937874e-05,0.0452947871096143
330,42,003,040600,1,420030406001,Block Group 1,G5030,S,253063,0,+40.4367501,-079.9522852,Central Oakland,20,180.883,0.281,14,0406001,2.72519654659556e-05,0.0250840420993748
331,42,003,040500,2,420030405002,Block Group 2,G5030,S,203744,0,+40.4382299,-079.9582159,Central Oakland,20,180.883,0.281,14,0405002,2.16255785135476e-05,0.0196912664225495
332,42,003,270100,2,420032701002,Block Group 2,G5030,S,604710,131921,+40.4824127,-080.0461620,Brighton Heights,13,718.262,1.117,2,2701002,6.3024744353998e-05,0.0333114935806052
333,42,003,270100,1,420032701001,Block Group 1,G5030,S,435462,0,+40.4845890,-080.0396191,Brighton Heights,13,718.262,1.117,2,2701001,4.62506734284928e-05,0.0344615561123726
334,42,003,262000,2,420032620002,Block Group 2,G5030,S,183095,0,+40.4677565,-079.9927122,Spring Hill-City View,75,404.765,0.63,1,2620002,1.94422380572194e-05,0.0203704152850501
335,42,003,562500,1,420035625001,Block Group 1,G5030,S,602805,225010,+40.4627464,-080.0508428,Esplen,31,147.829,0.23,4,5625001,6.29598742905681e-05,0.0841527076015893
336,42,003,563000,1,420035630001,Block Group 1,G5030,S,2520263,0,+40.4507815,-080.0847808,Fairywood,32,622.746,0.969,4,5630001,0.00026556071920777,0.0845992268400343
337,42,003,563000,3,420035630003,Block Group 3,G5030,S,503951,0,+40.4521612,-080.0721842,Windgap,90,266.678,0.415,4,5630003,5.36499308184481e-05,0.0462985271385248
338,42,003,563000,4,420035630004,Block Group 4,G5030,S,342793,0,+40.4578183,-080.0705756,Chartiers City,21,84.954,0.132,4,5630004,3.63387592672068e-05,0.0313030932867458
339,42,003,202200,1,420032022001,Block Group 1,G5030,S,551500,0,+40.4524892,-080.0636128,Sheraden,69,572.125,0.89,4,2022001,5.86774647043403e-05,0.044108172371264
340,42,003,281400,2,420032814002,Block Group 2,G5030,S,980865,0,+40.4462505,-080.0501942,Crafton Heights,23,484.575,0.754,4,2814002,0.000104045391682242,0.0490539102945297
341,42,003,562600,3,420035626003,Block Group 3,G5030,S,750054,187348,+40.4498113,-080.0385039,Elliott,30,389.87,0.606,4,5626003,7.76531862691147e-05,0.0533946332273559
342,42,003,190300,2,420031903002,Block Group 2,G5030,S,333636,0,+40.4300763,-080.0162029,Mount Washington,54,732.495,1.139,6,1903002,3.41736331163826e-05,0.0308044155716693
343,42,003,191400,2,420031914002,Block Group 2,G5030,S,565029,0,+40.4260262,-080.0142054,Mount Washington,54,732.495,1.139,6,1914002,5.97083449970421e-05,0.0363220147607521
344,42,003,191100,1,420031911001,Block Group 1,G5030,S,719798,0,+40.4314455,-080.0231165,Duquesne Heights,25,400.468,0.623,6,1911001,7.76595496068323e-05,0.0403188784116792
345,42,003,191600,1,420031916001,Block Group 1,G5030,S,1170145,0,+40.4219916,-080.0243427,Beechview,8,938.804,1.46,5,1916001,0.000122859999769983,0.051528717763438
346,42,003,563100,3,420035631003,Block Group 3,G5030,S,928505,0,+40.4270691,-080.0344802,Ridgemont,67,237.059,0.369,4,5631003,0.000101030583802243,0.0515082386616435
347,42,003,562600,1,420035626001,Block Group 1,G5030,S,512433,0,+40.4408830,-080.0357065,West End,87,128.679,0.2,4,5626001,5.50214726741416e-05,0.0603311963848164
348,42,003,271500,1,420032715001,Block Group 1,G5030,S,632832,0,+40.4752131,-080.0240304,Marshall-Shadeland,50,657.903,1.023,2,2715001,7.03943265277765e-05,0.0569994704790105
349,42,003,980900,1,420039809001,Block Group 1,G5030,S,1453388,854869,+40.4659231,-080.0458881,Marshall-Shadeland,50,657.903,1.023,2,9809001,9.09918622555163e-05,0.0504349663078293
350,42,003,250700,1,420032507001,Block Group 1,G5030,S,560320,0,+40.4599421,-080.0218657,California-Kirkbride,15,139.552,0.217,3,2507001,5.96896426684335e-05,0.0383906496960963
351,42,003,270400,1,420032704001,Block Group 1,G5030,S,395541,0,+40.4654064,-080.0285012,Marshall-Shadeland,50,657.903,1.023,2,2704001,4.1991526005408e-05,0.0291470788627186
352,42,003,241200,1,420032412001,Block Group 1,G5030,S,510109,0,+40.4714234,-079.9884347,Spring Garden,74,176.506,0.275,1,2412001,5.71853406246056e-05,0.0508610742716283
353,42,003,262000,3,420032620003,Block Group 3,G5030,S,855799,0,+40.4698731,-079.9965083,Spring Hill-City View,75,404.765,0.63,1,2620003,8.94573250719241e-05,0.0608087911498913
354,42,003,191500,1,420031915001,Block Group 1,G5030,S,534104,0,+40.4186500,-080.0109810,Mount Washington,54,732.495,1.139,6,1915001,5.45705360981966e-05,0.0589963365646897
355,42,003,562300,2,420035623002,Block Group 2,G5030,S,1197940,275741,+40.4050484,-079.9308344,Glen Hazel,36,293.197,0.456,9,5623002,0.000125310726669062,0.0603985721583809
356,42,003,563100,1,420035631001,Block Group 1,G5030,S,908984,0,+40.4338079,-080.0441065,Westwood,89,445.009,0.692,4,5631001,9.6183772057574e-05,0.043006788751962
357,42,003,980800,1,420039808001,Block Group 1,G5030,S,400091,163596,+40.4341374,-079.9683957,South Oakland,70,326.793,0.508,14,9808001,4.15491862703902e-05,0.0523678576274895
358,42,003,160900,1,420031609001,Block Group 1,G5030,S,411944,158932,+40.4299127,-079.9697164,South Side Flats,72,601.553,0.936,7,1609001,4.63017551194229e-05,0.0350035081147796
359,42,003,100500,1,420031005001,Block Group 1,G5030,S,341506,0,+40.4760158,-079.9343044,Stanton Heights,79,472.615,0.735,13,1005001,3.58176852017865e-05,0.0311330138444829
360,42,003,130400,1,420031304001,Block Group 1,G5030,S,164947,0,+40.4543357,-079.8888770,Homewood South,42,256.093,0.398,11,1304001,1.7469978876868e-05,0.0197722258124336
361,42,003,160800,2,420031608002,Block Group 2,G5030,S,234220,0,+40.4216124,-079.9656420,South Side Slopes,73,460.632,0.716,7,1608002,2.34225385114618e-05,0.029623336375964
